customer_id,age,annual_income,churned,signup_date_year,signup_date_month,signup_date_day,signup_date_day_of_week,signup_date_is_weekend,loyalty_tier_Bronze,loyalty_tier_Gold,loyalty_tier_Platinum,loyalty_tier_Silver,loyalty_tier_missing,city_Austin,city_Boston,city_Chicago,city_Denver,city_New_York,city_Seattle
101,24.0,45000,0,2023,1,15,6,1,0,0,0,1,0,0,0,0,0,1,0
102,31.0,62000,0,2023,2,14,1,0,0,1,0,0,0,0,0,1,0,0,0
103,33.0,58000,1,2023,3,22,2,0,1,0,0,0,0,0,1,0,0,0,0
104,45.0,75000,0,2023,4,5,2,0,0,1,0,0,0,1,0,0,0,0,0
105,29.0,51000,0,2023,5,18,3,0,0,0,0,0,1,0,0,1,0,0,0
106,52.0,89000,1,2023,6,30,4,0,0,0,0,1,0,0,0,0,0,1,0
107,36.0,110000,0,2023,7,4,1,0,0,0,1,0,0,0,0,0,0,0,1
108,33.0,38000,1,2023,8,19,5,1,1,0,0,0,0,0,0,0,1,0,0
109,28.0,67000,0,2023,9,2,5,1,0,0,0,0,1,0,1,0,0,0,0
110,56.25,95000,1,2023,10,10,1,0,0,1,0,0,0,1,0,0,0,0,0
111,33.0,148250,0,2023,11,25,5,1,0,0,0,1,0,0,0,0,0,1,0
