customer_id,signup_date,age,annual_income,loyalty_tier,city,churned
101,2023-01-15 08:30:00,24.0,45000,Silver,New York,0
102,2023-02-14 12:45:00,31.0,62000,Gold,Chicago,0
103,2023-03-22 17:10:00,,58000,Bronze,Boston,1
104,2023-04-05 09:15:00,45.0,75000,Gold,Austin,0
104,2023-04-05 09:15:00,45.0,75000,Gold,Austin,0
105,2023-05-18 20:00:00,29.0,51000,,Chicago,0
106,2023-06-30 11:20:00,52.0,89000,Silver,New York,1
107,2023-07-04 15:50:00,36.0,110000,Platinum,Seattle,0
108,2023-08-19 14:10:00,,38000,Bronze,Denver,1
109,2023-09-02 18:30:00,28.0,67000,,Boston,0
110,2023-10-10 10:05:00,145.0,95000,Gold,Austin,1
111,2023-11-25 19:40:00,33.0,1200000,Silver,New York,0
